Acc,F1,Precision,Recall,AUC,Loss
0.6907894736842105,0.7892376681614349,0.7096774193548387,0.8888888888888888,0.7415666094911378,0.6185177445411683
