Acc,F1,Precision,Recall,AUC,Loss
0.6639344262295082,0.768361581920904,0.7391304347826086,0.8,0.563751987281399,0.6509697288274765
