Acc,F1,Precision,Recall,Loss
0.7768595041322314,0.8235294117647058,0.863013698630137,0.7875,0.4508534222841263
