Acc,F1,Precision,Recall,AUC,Loss
0.628099173553719,0.7513812154696132,0.6601941747572816,0.8717948717948718,0.7015503875968994,0.6285682171583176
