Acc,F1,Precision,Recall,AUC,Loss
0.756578947368421,0.8370044052863436,0.7421875,0.9595959595959596,0.8137983609681723,0.5415620565414428
