Acc,F1,Precision,Recall,AUC,Loss
0.768595041322314,0.8292682926829269,0.7727272727272727,0.8947368421052632,0.795906432748538,0.5769150480628014
