Acc,F1,Precision,Recall,AUC,Loss
0.6721311475409836,0.7777777777777778,0.660377358490566,0.9459459459459459,0.6188063063063063,0.6493690013885498
