Acc,F1,Precision,Recall,Loss
0.7763157894736842,0.839622641509434,0.7876106194690266,0.898989898989899,0.5257964730262756
