Acc,F1,Precision,Recall,AUC,Loss
0.7768595041322314,0.8540540540540541,0.7821782178217822,0.9404761904761905,0.8314028314028313,0.5328088328242302
