Acc,F1,Precision,Recall,AUC,Loss
0.7520661157024794,0.8314606741573033,0.74,0.9487179487179487,0.8261776982707214,0.5342794880270958
