Acc,F1,Precision,Recall,AUC,Loss
0.7540983606557377,0.8170731707317074,0.7444444444444445,0.9054054054054054,0.768581081081081,0.5692610964179039
