Acc,F1,Precision,Recall,Loss
0.7851239669421488,0.8470588235294118,0.8275862068965517,0.8674698795180723,0.46398136764764786
