Acc,F1,Precision,Recall,AUC,Loss
0.6694214876033058,0.7500000000000001,0.7142857142857143,0.7894736842105263,0.6573099415204678,0.6618612706661224
