Acc,F1,Precision,Recall,Loss
0.7377049180327869,0.8072289156626506,0.7790697674418605,0.8375,0.5581059753894806
