Acc,F1,Precision,Recall,AUC,Loss
0.6363636363636364,0.721518987341772,0.7702702702702703,0.6785714285714286,0.6702059202059202,0.6415520459413528
