Acc,F1,Precision,Recall,AUC,Loss
0.7131147540983607,0.7953216374269007,0.7906976744186046,0.8,0.7898251192368839,0.5628466606140137
