Acc,F1,Precision,Recall,Loss
0.7272727272727273,0.8047337278106508,0.7391304347826086,0.8831168831168831,0.5888017117977142
