Acc,F1,Precision,Recall,Loss
0.7786885245901639,0.8383233532934132,0.7777777777777778,0.9090909090909091,0.4487385153770447
