Acc,F1,Precision,Recall,AUC
0.6907894736842105,0.7661691542288557,0.7549019607843137,0.7777777777777778,0.6530398322851153
