Acc,F1,Precision,Recall
0.7039473684210527,0.7783251231527094,0.7596153846153846,0.797979797979798
