Acc,F1,Precision,Recall,AUC
0.6776859504132231,0.7450980392156864,0.7402597402597403,0.75,0.6527777777777778
