Acc,F1,Precision,Recall,AUC
0.768595041322314,0.8205128205128205,0.8205128205128205,0.8205128205128205,0.7474657125819917
