Acc,F1,Precision,Recall,AUC
0.6967213114754098,0.7549668874172186,0.7402597402597403,0.7702702702702703,0.6768018018018016
