Acc,F1,Precision,Recall,AUC
0.7272727272727273,0.7975460122699387,0.8227848101265823,0.7738095238095238,0.6977155727155726
