Acc,F1,Precision,Recall,AUC
0.7622950819672131,0.8242424242424243,0.85,0.8,0.7378378378378379
