Acc,F1,Precision,Recall,Loss
0.743801652892562,0.8208092485549133,0.7888888888888889,0.8554216867469879,0.5370036363601685
