Acc,F1,Precision,Recall,Loss
0.8264462809917356,0.8742514970059879,0.8390804597701149,0.9125,0.39380016177892685
