Acc,F1,Precision,Recall,Loss
0.7622950819672131,0.830409356725146,0.7553191489361702,0.922077922077922,0.44905437156558037
