Acc,F1,Precision,Recall,Loss
0.7459016393442623,0.8208092485549132,0.7634408602150538,0.8875,0.49250252544879913
