Acc,F1,Precision,Recall,AUC,Loss
0.7355371900826446,0.8072289156626506,0.7444444444444445,0.881578947368421,0.7985380116959064,0.5355623513460159
