Acc,F1,Precision,Recall,Loss
0.768595041322314,0.8205128205128205,0.810126582278481,0.8311688311688312,0.5147251784801483
