Acc,F1,Precision,Recall,AUC,Loss
0.7540983606557377,0.8051948051948051,0.775,0.8378378378378378,0.7857545045045046,0.5800218433141708
