Acc,F1,Precision,Recall,Loss
0.7171052631578947,0.7839195979899497,0.78,0.7878787878787878,0.5161204874515534
