Acc,F1,Precision,Recall,AUC,Loss
0.7851239669421488,0.8395061728395062,0.8095238095238095,0.8717948717948718,0.8661299940369708,0.4531948044896126
