Acc,F1,Precision,Recall,AUC,Loss
0.7933884297520661,0.8554913294797688,0.8314606741573034,0.8809523809523809,0.8568211068211068,0.44507673382759094
