Acc,F1,Precision,Recall,AUC,Loss
0.819672131147541,0.879120879120879,0.8247422680412371,0.9411764705882353,0.8451510333863275,0.4410683140158653
