Acc,F1,Precision,Recall,AUC,Loss
0.75,0.8173076923076924,0.7798165137614679,0.8585858585858586,0.7914999047074519,0.5381770193576813
