Acc,F1,Precision,Recall,AUC
0.7377049180327869,0.8117647058823529,0.8117647058823529,0.8117647058823529,0.6896661367249602
