Acc,F1,Precision,Recall,AUC
0.743801652892562,0.8050314465408805,0.7710843373493976,0.8421052631578947,0.7099415204678361
