Acc,F1,Precision,Recall,AUC
0.7272727272727273,0.7975460122699386,0.7647058823529411,0.8333333333333334,0.684108527131783
