Acc,F1,Precision,Recall,AUC
0.7851239669421488,0.8452380952380952,0.8452380952380952,0.8452380952380952,0.746943371943372
