Acc,F1,Precision,Recall,AUC
0.7622950819672131,0.8079470198675496,0.7922077922077922,0.8243243243243243,0.7454954954954955
