Acc,F1,Precision,Recall
0.7368421052631579,0.8113207547169812,0.7610619469026548,0.8686868686868687
