Acc,F1,Precision,Recall,AUC
0.7302631578947368,0.807511737089202,0.7543859649122807,0.8686868686868687,0.6701924909472079
