Acc,F1,Precision,Recall,AUC,Loss
0.7704918032786885,0.8313253012048193,0.8313253012048193,0.8313253012048193,0.8100092678405932,0.6375707909464836
