Acc,F1,Precision,Recall,AUC,Loss
0.756578947368421,0.8159203980099502,0.803921568627451,0.8282828282828283,0.8031255955784258,0.5585641741752625
