Acc,F1,Precision,Recall,AUC,Loss
0.71900826446281,0.8023255813953488,0.7666666666666667,0.8414634146341463,0.7226391494684178,0.7441568598151207
