Acc,F1,Precision,Recall,AUC,Loss
0.71900826446281,0.7792207792207793,0.7407407407407407,0.821917808219178,0.8144977168949771,0.5215591639280319
