Acc,F1,Precision,Recall,AUC,Loss
0.6776859504132231,0.7515923566878983,0.7662337662337663,0.7375,0.736890243902439,0.726054236292839
