Acc,F1,Precision,Recall,AUC,Loss
0.7763157894736842,0.8365384615384616,0.7981651376146789,0.8787878787878788,0.8460072422336573,0.45427246689796447
