Acc,F1,Precision,Recall,AUC,Loss
0.7786885245901639,0.8363636363636363,0.8023255813953488,0.8734177215189873,0.8104209596702974,0.5152279734611511
