Acc,F1,Precision,Recall,AUC,Loss
0.7377049180327869,0.8,0.7901234567901234,0.810126582278481,0.770974389166912,0.5951595827937126
