Acc,F1,Precision,Recall,AUC,Loss
0.7950819672131147,0.8502994011976047,0.8452380952380952,0.8554216867469879,0.7905468025949954,0.5636212378740311
