Acc,F1,Precision,Recall,AUC,Loss
0.6859504132231405,0.7564102564102564,0.7108433734939759,0.8082191780821918,0.7442922374429224,0.6812508031725883
