Acc,F1,Precision,Recall,AUC,Loss
0.7851239669421488,0.8539325842696629,0.7916666666666666,0.926829268292683,0.8624140087554723,0.437704898416996
