Acc,F1,Precision,Recall,AUC,Loss
0.6942148760330579,0.778443113772455,0.7471264367816092,0.8125,0.7280487804878049,0.6207152232527733
