Acc,F1,Precision,Recall,AUC
0.71900826446281,0.7733333333333333,0.7532467532467533,0.7945205479452054,0.6993436073059361
