Acc,F1,Precision,Recall,AUC
0.7295081967213115,0.7898089171974523,0.8378378378378378,0.7469879518072289,0.7196478220574607
