Acc,F1,Precision,Recall,AUC
0.7049180327868853,0.7662337662337663,0.7866666666666666,0.7468354430379747,0.6873712098910804
