Acc,F1,Precision,Recall,AUC
0.7039473684210527,0.7738693467336684,0.77,0.7777777777777778,0.6719077568134172
