Acc,F1,Precision,Recall,AUC
0.7107438016528925,0.7928994082840236,0.7701149425287356,0.8170731707317073,0.6521263289555972
