Acc,F1,Precision,Recall,AUC
0.6611570247933884,0.7453416149068324,0.7407407407407407,0.75,0.6189024390243902
