Acc,F1,Precision,Recall,AUC,Loss
0.7377049180327869,0.8117647058823529,0.7931034482758621,0.8313253012048193,0.8078467717021934,0.5082388371229172
