Acc,F1,Precision,Recall,AUC,Loss
0.7603305785123967,0.8304093567251462,0.7802197802197802,0.8875,0.7820121951219512,0.5501007810235023
