Acc,F1,Precision,Recall,AUC,Loss
0.768595041322314,0.8372093023255814,0.8,0.8780487804878049,0.8449030644152595,0.46710749715566635
