Acc,F1,Precision,Recall,AUC,Loss
0.8223684210526315,0.8732394366197183,0.8157894736842105,0.9393939393939394,0.8818372403278064,0.41356690526008605
