Acc,F1,Precision,Recall,AUC,Loss
0.71900826446281,0.7875,0.7241379310344828,0.863013698630137,0.8087899543378995,0.5285615473985672
