Acc,F1,Precision,Recall,AUC,Loss
0.8114754098360656,0.8670520231213873,0.7978723404255319,0.9493670886075949,0.8392699440682956,0.4574882313609123
