Acc,F1,Precision,Recall,AUC
0.7107438016528925,0.7852760736196319,0.7710843373493976,0.8,0.6682926829268293
