Acc,F1,Precision,Recall,AUC
0.8032786885245902,0.8536585365853657,0.8641975308641975,0.8433734939759037,0.7806611059623108
