Acc,F1,Precision,Recall,AUC
0.7950819672131147,0.8427672955974843,0.8375,0.8481012658227848,0.772887842213718
