Acc,F1,Precision,Recall,AUC
0.75,0.8155339805825242,0.7850467289719626,0.8484848484848485,0.7072612921669525
