Acc,F1,Precision,Recall,AUC
0.6776859504132231,0.751592356687898,0.7023809523809523,0.8082191780821918,0.6436929223744292
