Acc,F1,Precision,Recall,AUC
0.7603305785123967,0.8323699421965318,0.7912087912087912,0.8780487804878049,0.6954346466541588
